﻿<?xml version="1.0" encoding="utf-8"?>
<Windows>
  <!-- 进度 -->
  <VerticalLayout >
    <!-- 上半部分背景 -->
    <VerticalLayout width="592" height="282" roundcorner="5,5" bkcolor="#FF262939" bkimage="file='public/other/bkimage.png' corner='0,0,0,0'" >
    </VerticalLayout>
    <VerticalLayout height="160" bkcolor="#FFFFFFFF" >
      <Control height="59" />
      <!-- 文字描述 -->
      <HorizontalLayout height="20" padding="30,5,0,0">
        <!-- 提示 -->
        <Label
          font="0"
          name="un_progress_tip"
          width="400" 
          textcolor="#ff555555"
          text=""
        />
        <Control />
        <!-- 进度 -->
        <Label
          font="0"
          name="un_progress_pos"
          width="60"
          textalign="right"
          text=""
          textcolor="#ff555555"
        />
      </HorizontalLayout>
      <Control height="5" />
      <!-- 进度条 -->
      <Slider
        name="slrUnInstProgress"
        padding="28,0,0,0"
        height="10"
        width="539"
        mouse="false"
        foreimage="public/process/fg.png"
        bkimage="public/process/bg.png"
        thumbsize="0,0"
        bkcolor="#FFD8D8D8"
      />
      <Control />
    </VerticalLayout>
  </VerticalLayout>
</Windows>